[
    {
        "id" : 1,
        "type" : "customer",
        "events" :  [{ "id": 1, "interface":"deposit", "money": 10 },{ "id": 2, "interface":"query" }]
    },
    {
        "id" : 2,
        "type" : "customer",
        "events" :  [{ "id": 3, "interface":"deposit", "money": 10 },{ "id": 4, "interface":"query" }]
    },
    {
        "id" : 3,
        "type" : "customer",
        "events" :  [{ "id": 5, "interface":"deposit", "money": 10 },{ "id": 6, "interface":"query" }]
    },
    {
        "id" : 4,
        "type" : "customer",
        "events" :  [{ "id": 7, "interface":"deposit", "money": 10 },{ "id": 8, "interface":"query" }]
    },
    {
        "id" : 5,
        "type" : "customer",
        "events" :  [{ "id": 9, "interface":"deposit", "money": 10 },{ "id": 10, "interface":"query" }]
    },
    {
        "id" : 6,
        "type" : "customer",
        "events" :  [{ "id": 11, "interface":"deposit", "money": 10 },{ "id": 12, "interface":"query" }]
    },
    {
        "id" : 7,
        "type" : "customer",
        "events" :  [{ "id": 13, "interface":"deposit", "money": 10 },{ "id": 14, "interface":"query" }]
    },
    {
        "id" : 8,
        "type" : "customer",
        "events" :  [{ "id": 15, "interface":"deposit", "money": 10 },{ "id": 16, "interface":"query" }]
    },
    {
        "id" : 9,
        "type" : "customer",
        "events" :  [{ "id": 17, "interface":"deposit", "money": 10 },{ "id": 18, "interface":"query" }]
    },
    {
        "id" : 10,
        "type" : "customer",
        "events" :  [{ "id": 19, "interface":"deposit", "money": 10 },{ "id": 20, "interface":"query" }]
    },
    {
        "id" : 11,
        "type" : "customer",
        "events" :  [{ "id": 21, "interface":"deposit", "money": 10 },{ "id": 22, "interface":"query" }]
    },
    {
        "id" : 12,
        "type" : "customer",
        "events" :  [{ "id": 23, "interface":"deposit", "money": 10 },{ "id": 24, "interface":"query" }]
    },
    {
        "id" : 13,
        "type" : "customer",
        "events" :  [{ "id": 25, "interface":"deposit", "money": 10 },{ "id": 26, "interface":"query" }]
    },
    {
        "id" : 14,
        "type" : "customer",
        "events" :  [{ "id": 27, "interface":"deposit", "money": 10 },{ "id": 28, "interface":"query" }]
    },
    {
        "id" : 15,
        "type" : "customer",
        "events" :  [{ "id": 29, "interface":"deposit", "money": 10 },{ "id": 30, "interface":"query" }]
    },
    {
        "id" : 16,
        "type" : "customer",
        "events" :  [{ "id": 31, "interface":"deposit", "money": 10 },{ "id": 32, "interface":"query" }]
    },
    {
        "id" : 17,
        "type" : "customer",
        "events" :  [{ "id": 33, "interface":"deposit", "money": 10 },{ "id": 34, "interface":"query" }]
    },
    {
        "id" : 18,
        "type" : "customer",
        "events" :  [{ "id": 35, "interface":"deposit", "money": 10 },{ "id": 36, "interface":"query" }]
    },
    {
        "id" : 19,
        "type" : "customer",
        "events" :  [{ "id": 37, "interface":"deposit", "money": 10 },{ "id": 38, "interface":"query" }]
    },
    {
        "id" : 20,
        "type" : "customer",
        "events" :  [{ "id": 39, "interface":"deposit", "money": 10 },{ "id": 40, "interface":"query" }]
    },
    {
        "id" : 21,
        "type" : "customer",
        "events" :  [{ "id": 41, "interface":"deposit", "money": 10 },{ "id": 42, "interface":"query" }]
    },
    {
        "id" : 22,
        "type" : "customer",
        "events" :  [{ "id": 43, "interface":"deposit", "money": 10 },{ "id": 44, "interface":"query" }]
    },
    {
        "id" : 23,
        "type" : "customer",
        "events" :  [{ "id": 45, "interface":"deposit", "money": 10 },{ "id": 46, "interface":"query" }]
    },
    {
        "id" : 24,
        "type" : "customer",
        "events" :  [{ "id": 47, "interface":"deposit", "money": 10 },{ "id": 48, "interface":"query" }]
    },
    {
        "id" : 25,
        "type" : "customer",
        "events" :  [{ "id": 49, "interface":"deposit", "money": 10 },{ "id": 50, "interface":"query" }]
    },
    {
        "id" : 26,
        "type" : "customer",
        "events" :  [{ "id": 51, "interface":"deposit", "money": 10 },{ "id": 52, "interface":"query" }]
    },
    {
        "id" : 27,
        "type" : "customer",
        "events" :  [{ "id": 53, "interface":"deposit", "money": 10 },{ "id": 54, "interface":"query" }]
    },
    {
        "id" : 28,
        "type" : "customer",
        "events" :  [{ "id": 55, "interface":"deposit", "money": 10 },{ "id": 56, "interface":"query" }]
    },
    {
        "id" : 29,
        "type" : "customer",
        "events" :  [{ "id": 57, "interface":"deposit", "money": 10 },{ "id": 58, "interface":"query" }]
    },
    {
        "id" : 30,
        "type" : "customer",
        "events" :  [{ "id": 59, "interface":"deposit", "money": 10 },{ "id": 60, "interface":"query" }]
    },
    {
        "id" : 31,
        "type" : "customer",
        "events" :  [{ "id": 61, "interface":"deposit", "money": 10 },{ "id": 62, "interface":"query" }]
    },
    {
        "id" : 32,
        "type" : "customer",
        "events" :  [{ "id": 63, "interface":"deposit", "money": 10 },{ "id": 64, "interface":"query" }]
    },
    {
        "id" : 33,
        "type" : "customer",
        "events" :  [{ "id": 65, "interface":"deposit", "money": 10 },{ "id": 66, "interface":"query" }]
    },
    {
        "id" : 34,
        "type" : "customer",
        "events" :  [{ "id": 67, "interface":"deposit", "money": 10 },{ "id": 68, "interface":"query" }]
    },
    {
        "id" : 35,
        "type" : "customer",
        "events" :  [{ "id": 69, "interface":"deposit", "money": 10 },{ "id": 70, "interface":"query" }]
    },
    {
        "id" : 36,
        "type" : "customer",
        "events" :  [{ "id": 71, "interface":"deposit", "money": 10 },{ "id": 72, "interface":"query" }]
    },
    {
        "id" : 37,
        "type" : "customer",
        "events" :  [{ "id": 73, "interface":"deposit", "money": 10 },{ "id": 74, "interface":"query" }]
    },
    {
        "id" : 38,
        "type" : "customer",
        "events" :  [{ "id": 75, "interface":"deposit", "money": 10 },{ "id": 76, "interface":"query" }]
    },
    {
        "id" : 39,
        "type" : "customer",
        "events" :  [{ "id": 77, "interface":"deposit", "money": 10 },{ "id": 78, "interface":"query" }]
    },
    {
        "id" : 40,
        "type" : "customer",
        "events" :  [{ "id": 79, "interface":"deposit", "money": 10 },{ "id": 80, "interface":"query" }]
    },
    {
        "id" : 41,
        "type" : "customer",
        "events" :  [{ "id": 81, "interface":"deposit", "money": 10 },{ "id": 82, "interface":"query" }]
    },
    {
        "id" : 42,
        "type" : "customer",
        "events" :  [{ "id": 83, "interface":"deposit", "money": 10 },{ "id": 84, "interface":"query" }]
    },
    {
        "id" : 43,
        "type" : "customer",
        "events" :  [{ "id": 85, "interface":"deposit", "money": 10 },{ "id": 86, "interface":"query" }]
    },
    {
        "id" : 44,
        "type" : "customer",
        "events" :  [{ "id": 87, "interface":"deposit", "money": 10 },{ "id": 88, "interface":"query" }]
    },
    {
        "id" : 45,
        "type" : "customer",
        "events" :  [{ "id": 89, "interface":"deposit", "money": 10 },{ "id": 90, "interface":"query" }]
    },
    {
        "id" : 46,
        "type" : "customer",
        "events" :  [{ "id": 91, "interface":"deposit", "money": 10 },{ "id": 92, "interface":"query" }]
    },
    {
        "id" : 47,
        "type" : "customer",
        "events" :  [{ "id": 93, "interface":"deposit", "money": 10 },{ "id": 94, "interface":"query" }]
    },
    {
        "id" : 48,
        "type" : "customer",
        "events" :  [{ "id": 95, "interface":"deposit", "money": 10 },{ "id": 96, "interface":"query" }]
    },
    {
        "id" : 49,
        "type" : "customer",
        "events" :  [{ "id": 97, "interface":"deposit", "money": 10 },{ "id": 98, "interface":"query" }]
    },
    {
        "id" : 50,
        "type" : "customer",
        "events" :  [{ "id": 99, "interface":"deposit", "money": 10 },{ "id": 100, "interface":"query" }]
    },
    {
        "id" : 51,
        "type" : "customer",
        "events" :  [{ "id": 101, "interface":"withdraw", "money": 10 },{ "id": 102, "interface":"query" }]
    },
    {
        "id" : 52,
        "type" : "customer",
        "events" :  [{ "id": 103, "interface":"withdraw", "money": 10 },{ "id": 104, "interface":"query" }]
    },
    {
        "id" : 53,
        "type" : "customer",
        "events" :  [{ "id": 105, "interface":"withdraw", "money": 10 },{ "id": 106, "interface":"query" }]
    },
    {
        "id" : 54,
        "type" : "customer",
        "events" :  [{ "id": 107, "interface":"withdraw", "money": 10 },{ "id": 108, "interface":"query" }]
    },
    {
        "id" : 55,
        "type" : "customer",
        "events" :  [{ "id": 109, "interface":"withdraw", "money": 10 },{ "id": 110, "interface":"query" }]
    },
    {
        "id" : 56,
        "type" : "customer",
        "events" :  [{ "id": 111, "interface":"withdraw", "money": 10 },{ "id": 112, "interface":"query" }]
    },
    {
        "id" : 57,
        "type" : "customer",
        "events" :  [{ "id": 113, "interface":"withdraw", "money": 10 },{ "id": 114, "interface":"query" }]
    },
    {
        "id" : 58,
        "type" : "customer",
        "events" :  [{ "id": 115, "interface":"withdraw", "money": 10 },{ "id": 116, "interface":"query" }]
    },
    {
        "id" : 59,
        "type" : "customer",
        "events" :  [{ "id": 117, "interface":"withdraw", "money": 10 },{ "id": 118, "interface":"query" }]
    },
    {
        "id" : 60,
        "type" : "customer",
        "events" :  [{ "id": 119, "interface":"withdraw", "money": 10 },{ "id": 120, "interface":"query" }]
    },
     {
        "id" : 61,
        "type" : "customer",
        "events" :  [{ "id": 121, "interface":"withdraw", "money": 10 },{ "id": 122, "interface":"query" }]
    },
    {
        "id" : 62,
        "type" : "customer",
        "events" :  [{ "id": 123, "interface":"withdraw", "money": 10 },{ "id": 124, "interface":"query" }]
    },
    {
        "id" : 63,
        "type" : "customer",
        "events" :  [{ "id": 125, "interface":"withdraw", "money": 10 },{ "id": 126, "interface":"query" }]
    },
    {
        "id" : 64,
        "type" : "customer",
        "events" :  [{ "id": 127, "interface":"withdraw", "money": 10 },{ "id": 128, "interface":"query" }]
    },
    {
        "id" : 65,
        "type" : "customer",
        "events" :  [{ "id": 129, "interface":"withdraw", "money": 10 },{ "id": 130, "interface":"query" }]
    },
    {
        "id" : 66,
        "type" : "customer",
        "events" :  [{ "id": 131, "interface":"withdraw", "money": 10 },{ "id": 132, "interface":"query" }]
    },
    {
        "id" : 67,
        "type" : "customer",
        "events" :  [{ "id": 133, "interface":"withdraw", "money": 10 },{ "id": 134, "interface":"query" }]
    },
    {
        "id" : 68,
        "type" : "customer",
        "events" :  [{ "id": 135, "interface":"withdraw", "money": 10 },{ "id": 136, "interface":"query" }]
    },
    {
        "id" : 69,
        "type" : "customer",
        "events" :  [{ "id": 137, "interface":"withdraw", "money": 10 },{ "id": 138, "interface":"query" }]
    },
    {
        "id" : 70,
        "type" : "customer",
        "events" :  [{ "id": 139, "interface":"withdraw", "money": 10 },{ "id": 140, "interface":"query" }]
    },
    {
        "id" : 71,
        "type" : "customer",
        "events" :  [{ "id": 141, "interface":"withdraw", "money": 10 },{ "id": 142, "interface":"query" }]
    },
    {
        "id" : 72,
        "type" : "customer",
        "events" :  [{ "id": 143, "interface":"withdraw", "money": 10 },{ "id": 144, "interface":"query" }]
    },
    {
        "id" : 73,
        "type" : "customer",
        "events" :  [{ "id": 145, "interface":"withdraw", "money": 10 },{ "id": 146, "interface":"query" }]
    },
    {
        "id" : 74,
        "type" : "customer",
        "events" :  [{ "id": 147, "interface":"withdraw", "money": 10 },{ "id": 148, "interface":"query" }]
    },
    {
        "id" : 75,
        "type" : "customer",
        "events" :  [{ "id": 149, "interface":"withdraw", "money": 10 },{ "id": 150, "interface":"query" }]
    },
    {
        "id" : 76,
        "type" : "customer",
        "events" :  [{ "id": 151, "interface":"withdraw", "money": 10 },{ "id": 152, "interface":"query" }]
    },
    {
        "id" : 77,
        "type" : "customer",
        "events" :  [{ "id": 153, "interface":"withdraw", "money": 10 },{ "id": 154, "interface":"query" }]
    },
    {
        "id" : 78,
        "type" : "customer",
        "events" :  [{ "id": 155, "interface":"withdraw", "money": 10 },{ "id": 156, "interface":"query" }]
    },
    {
        "id" : 79,
        "type" : "customer",
        "events" :  [{ "id": 157, "interface":"withdraw", "money": 10 },{ "id": 158, "interface":"query" }]
    },
    {
        "id" : 80,
        "type" : "customer",
        "events" :  [{ "id": 159, "interface":"withdraw", "money": 10 },{ "id": 160, "interface":"query" }]
    },
        {
        "id" : 81,
        "type" : "customer",
        "events" :  [{ "id": 161, "interface":"withdraw", "money": 10 },{ "id": 162, "interface":"query" }]
    },
     {
        "id" : 82,
        "type" : "customer",
        "events" :  [{ "id": 163, "interface":"withdraw", "money": 10 },{ "id": 164, "interface":"query" }]
    },
    {
        "id" : 83,
        "type" : "customer",
        "events" :  [{ "id": 165, "interface":"withdraw", "money": 10 },{ "id": 166, "interface":"query" }]
    },
    {
        "id" : 84,
        "type" : "customer",
        "events" :  [{ "id": 167, "interface":"withdraw", "money": 10 },{ "id": 168, "interface":"query" }]
    },
    {
        "id" : 85,
        "type" : "customer",
        "events" :  [{ "id": 169, "interface":"withdraw", "money": 10 },{ "id": 170, "interface":"query" }]
    },
    {
        "id" : 86,
        "type" : "customer",
        "events" :  [{ "id": 171, "interface":"withdraw", "money": 10 },{ "id": 172, "interface":"query" }]
    },
    {
        "id" : 87,
        "type" : "customer",
        "events" :  [{ "id": 173, "interface":"withdraw", "money": 10 },{ "id": 174, "interface":"query" }]
    },
    {
        "id" : 88,
        "type" : "customer",
        "events" :  [{ "id": 175, "interface":"withdraw", "money": 10 },{ "id": 176, "interface":"query" }]
    },
    {
        "id" : 89,
        "type" : "customer",
        "events" :  [{ "id": 177, "interface":"withdraw", "money": 10 },{ "id": 178, "interface":"query" }]
    },
    {
        "id" : 90,
        "type" : "customer",
        "events" :  [{ "id": 179, "interface":"withdraw", "money": 10 },{ "id": 180, "interface":"query" }]
    },
    {
        "id" : 91,
        "type" : "customer",
        "events" :  [{ "id": 181, "interface":"withdraw", "money": 10 },{ "id": 182, "interface":"query" }]
    },
    {
        "id" : 92,
        "type" : "customer",
        "events" :  [{ "id": 183, "interface":"withdraw", "money": 10 },{ "id": 184, "interface":"query" }]
    },
    {
        "id" : 93,
        "type" : "customer",
        "events" :  [{ "id": 185, "interface":"withdraw", "money": 10 },{ "id": 186, "interface":"query" }]
    },
    {
        "id" : 94,
        "type" : "customer",
        "events" :  [{ "id": 187, "interface":"withdraw", "money": 10 },{ "id": 188, "interface":"query" }]
    },
    {
        "id" : 95,
        "type" : "customer",
        "events" :  [{ "id": 189, "interface":"withdraw", "money": 10 },{ "id": 190, "interface":"query" }]
    },
    {
        "id" : 96,
        "type" : "customer",
        "events" :  [{ "id": 191, "interface":"withdraw", "money": 10 },{ "id": 192, "interface":"query" }]
    },
    {
        "id" : 97,
        "type" : "customer",
        "events" :  [{ "id": 193, "interface":"withdraw", "money": 10 },{ "id": 194, "interface":"query" }]
    },
    {
        "id" : 98,
        "type" : "customer",
        "events" :  [{ "id": 195, "interface":"withdraw", "money": 10 },{ "id": 196, "interface":"query" }]
    },
    {
        "id" : 99,
        "type" : "customer",
        "events" :  [{ "id": 197, "interface":"withdraw", "money": 10 },{ "id": 198, "interface":"query" }]
    },
    {
        "id" : 100,
        "type" : "customer",
        "events" :  [{ "id": 199, "interface":"withdraw", "money": 10 },{ "id": 200, "interface":"query" }]
    },
    {
        "id" : 1,
        "type" : "branch",
        "balance" : 400
    },
    {
        "id" : 2,
        "type" : "branch",
        "balance" : 400
    },
    {
        "id" : 3,
        "type" : "branch",
        "balance" : 400
    },
    {
        "id" : 4,
        "type" : "branch",
        "balance" : 400
    },
    {
        "id" : 5,
        "type" : "branch",
        "balance" : 400
    },
    {
        "id" : 6,
        "type" : "branch",
        "balance" : 400
    },
    {
        "id" : 7,
        "type" : "branch",
        "balance" : 400
    },
    {
        "id" : 8,
        "type" : "branch",
        "balance" : 400
    },
    {
        "id" : 9,
        "type" : "branch",
        "balance" : 400
    },
    {
        "id" : 10,
        "type" : "branch",
        "balance" : 400
    },
    {
        "id" : 11,
        "type" : "branch",
        "balance" : 400
    },
    {
        "id" : 12,
        "type" : "branch",
        "balance" : 400
    },
    {
        "id" : 13,
        "type" : "branch",
        "balance" : 400
    },
    {
        "id" : 14,
        "type" : "branch",
        "balance" : 400
    },
    {
        "id" : 15,
        "type" : "branch",
        "balance" : 400
    },
    {
        "id" : 16,
        "type" : "branch",
        "balance" : 400
    },
    {
        "id" : 17,
        "type" : "branch",
        "balance" : 400
    },
    {
        "id" : 18,
        "type" : "branch",
        "balance" : 400
    },
    {
        "id" : 19,
        "type" : "branch",
        "balance" : 400
    },
    {
        "id" : 20,
        "type" : "branch",
        "balance" : 400
    },
    {
        "id" : 21,
        "type" : "branch",
        "balance" : 400
    },
    {
        "id" : 22,
        "type" : "branch",
        "balance" : 400
    },
    {
        "id" : 23,
        "type" : "branch",
        "balance" : 400
    },
    {
        "id" : 24,
        "type" : "branch",
        "balance" : 400
    },
    {
        "id" : 25,
        "type" : "branch",
        "balance" : 400
    },
    {
        "id" : 26,
        "type" : "branch",
        "balance" : 400
    },
    {
        "id" : 27,
        "type" : "branch",
        "balance" : 400
    },
    {
        "id" : 28,
        "type" : "branch",
        "balance" : 400
    },
    {
        "id" : 29,
        "type" : "branch",
        "balance" : 400
    },
    {
        "id" : 30,
        "type" : "branch",
        "balance" : 400
    },
    {
        "id" : 31,
        "type" : "branch",
        "balance" : 400
    },
    {
        "id" : 32,
        "type" : "branch",
        "balance" : 400
    },
    {
        "id" : 33,
        "type" : "branch",
        "balance" : 400
    },
    {
        "id" : 34,
        "type" : "branch",
        "balance" : 400
    },
    {
        "id" : 35,
        "type" : "branch",
        "balance" : 400
    },
    {
        "id" : 36,
        "type" : "branch",
        "balance" : 400
    },
    {
        "id" : 37,
        "type" : "branch",
        "balance" : 400
    },
    {
        "id" : 38,
        "type" : "branch",
        "balance" : 400
    },
    {
        "id" : 39,
        "type" : "branch",
        "balance" : 400
    },
    {
        "id" : 40,
        "type" : "branch",
        "balance" : 400
    },
    {
        "id" : 41,
        "type" : "branch",
        "balance" : 400
    },
    {
        "id" : 42,
        "type" : "branch",
        "balance" : 400
    },
    {
        "id" : 43,
        "type" : "branch",
        "balance" : 400
    },
    {
        "id" : 44,
        "type" : "branch",
        "balance" : 400
    },
    {
        "id" : 45,
        "type" : "branch",
        "balance" : 400
    },
    {
        "id" : 46,
        "type" : "branch",
        "balance" : 400
    },
    {
        "id" : 47,
        "type" : "branch",
        "balance" : 400
    },
    {
        "id" : 48,
        "type" : "branch",
        "balance" : 400
    },
    {
        "id" : 49,
        "type" : "branch",
        "balance" : 400
    },
    {
        "id" : 50,
        "type" : "branch",
        "balance" : 400
    },
    {
        "id" : 51,
        "type" : "branch",
        "balance" : 400
    },
    {
        "id" : 52,
        "type" : "branch",
        "balance" : 400
    },
    {
        "id" : 53,
        "type" : "branch",
        "balance" : 400
    },
    {
        "id" : 54,
        "type" : "branch",
        "balance" : 400
    },
    {
        "id" : 55,
        "type" : "branch",
        "balance" : 400
    },
    {
        "id" : 56,
        "type" : "branch",
        "balance" : 400
    },
    {
        "id" : 57,
        "type" : "branch",
        "balance" : 400
    },
    {
        "id" : 58,
        "type" : "branch",
        "balance" : 400
    },
    {
        "id" : 59,
        "type" : "branch",
        "balance" : 400
    },
    {
        "id" : 60,
        "type" : "branch",
        "balance" : 400
    },
    {
        "id" : 61,
        "type" : "branch",
        "balance" : 400
    },
    {
        "id" : 62,
        "type" : "branch",
        "balance" : 400
    },
    {
        "id" : 63,
        "type" : "branch",
        "balance" : 400
    },
    {
        "id" : 64,
        "type" : "branch",
        "balance" : 400
    },
    {
        "id" : 65,
        "type" : "branch",
        "balance" : 400
    },
    {
        "id" : 66,
        "type" : "branch",
        "balance" : 400
    },
    {
        "id" : 67,
        "type" : "branch",
        "balance" : 400
    },
    {
        "id" : 68,
        "type" : "branch",
        "balance" : 400
    },
    {
        "id" : 69,
        "type" : "branch",
        "balance" : 400
    },
    {
        "id" : 70,
        "type" : "branch",
        "balance" : 400
    },
    {
        "id" : 71,
        "type" : "branch",
        "balance" : 400
    },
    {
        "id" : 72,
        "type" : "branch",
        "balance" : 400
    },
    {
        "id" : 73,
        "type" : "branch",
        "balance" : 400
    },
    {
        "id" : 74,
        "type" : "branch",
        "balance" : 400
    },
    {
        "id" : 75,
        "type" : "branch",
        "balance" : 400
    },
    {
        "id" : 76,
        "type" : "branch",
        "balance" : 400
    },
    {
        "id" : 77,
        "type" : "branch",
        "balance" : 400
    },
    {
        "id" : 78,
        "type" : "branch",
        "balance" : 400
    },
    {
        "id" : 79,
        "type" : "branch",
        "balance" : 400
    },
    {
        "id" : 80,
        "type" : "branch",
        "balance" : 400
    },
    {
        "id" : 81,
        "type" : "branch",
        "balance" : 400
    },
    {
        "id" : 82,
        "type" : "branch",
        "balance" : 400
    },
    {
        "id" : 83,
        "type" : "branch",
        "balance" : 400
    },
    {
        "id" : 84,
        "type" : "branch",
        "balance" : 400
    },
    {
        "id" : 85,
        "type" : "branch",
        "balance" : 400
    },
    {
        "id" : 86,
        "type" : "branch",
        "balance" : 400
    },
    {
        "id" : 87,
        "type" : "branch",
        "balance" : 400
    },
    {
        "id" : 88,
        "type" : "branch",
        "balance" : 400
    },
    {
        "id" : 89,
        "type" : "branch",
        "balance" : 400
    },
    {
        "id" : 90,
        "type" : "branch",
        "balance" : 400
    },
    {
        "id" : 91,
        "type" : "branch",
        "balance" : 400
    },
    {
        "id" : 92,
        "type" : "branch",
        "balance" : 400
    },
    {
        "id" : 93,
        "type" : "branch",
        "balance" : 400
    },
    {
        "id" : 94,
        "type" : "branch",
        "balance" : 400
    },
    {
        "id" : 95,
        "type" : "branch",
        "balance" : 400
    },
    {
        "id" : 96,
        "type" : "branch",
        "balance" : 400
    },
    {
        "id" : 97,
        "type" : "branch",
        "balance" : 400
    },
    {
        "id" : 98,
        "type" : "branch",
        "balance" : 400
    },
    {
        "id" : 99,
        "type" : "branch",
        "balance" : 400
    },
    {
        "id" : 100,
        "type" : "branch",
        "balance" : 400
    }
]