[
    {"id": 1, "recv": [{"interface": "deposit", "result": "success"}, {"interface": "query", "balance": 410}]},
    {"id": 2, "recv": [{"interface": "deposit", "result": "success"}, {"interface": "query", "balance": 420}]},
    {"id": 3, "recv": [{"interface": "deposit", "result": "success"}, {"interface": "query", "balance": 430}]},
    {"id": 4, "recv": [{"interface": "deposit", "result": "success"}, {"interface": "query", "balance": 440}]},
    {"id": 5, "recv": [{"interface": "deposit", "result": "success"}, {"interface": "query", "balance": 450}]},
    {"id": 6, "recv": [{"interface": "deposit", "result": "success"}, {"interface": "query", "balance": 460}]},
    {"id": 7, "recv": [{"interface": "deposit", "result": "success"}, {"interface": "query", "balance": 470}]},
    {"id": 8, "recv": [{"interface": "deposit", "result": "success"}, {"interface": "query", "balance": 480}]},
    {"id": 9, "recv": [{"interface": "deposit", "result": "success"}, {"interface": "query", "balance": 490}]},
    {"id": 10, "recv": [{"interface": "deposit", "result": "success"}, {"interface": "query", "balance": 500}]},
    {"id": 11, "recv": [{"interface": "deposit", "result": "success"}, {"interface": "query", "balance": 510}]},
    {"id": 12, "recv": [{"interface": "deposit", "result": "success"}, {"interface": "query", "balance": 520}]},
    {"id": 13, "recv": [{"interface": "deposit", "result": "success"}, {"interface": "query", "balance": 530}]},
    {"id": 14, "recv": [{"interface": "deposit", "result": "success"}, {"interface": "query", "balance": 540}]},
    {"id": 15, "recv": [{"interface": "deposit", "result": "success"}, {"interface": "query", "balance": 550}]},
    {"id": 16, "recv": [{"interface": "deposit", "result": "success"}, {"interface": "query", "balance": 560}]},
    {"id": 17, "recv": [{"interface": "deposit", "result": "success"}, {"interface": "query", "balance": 570}]},
    {"id": 18, "recv": [{"interface": "deposit", "result": "success"}, {"interface": "query", "balance": 580}]},
    {"id": 19, "recv": [{"interface": "deposit", "result": "success"}, {"interface": "query", "balance": 590}]},
    {"id": 20, "recv": [{"interface": "deposit", "result": "success"}, {"interface": "query", "balance": 600}]},
    {"id": 21, "recv": [{"interface": "deposit", "result": "success"}, {"interface": "query", "balance": 610}]},
    {"id": 22, "recv": [{"interface": "deposit", "result": "success"}, {"interface": "query", "balance": 620}]},
    {"id": 23, "recv": [{"interface": "deposit", "result": "success"}, {"interface": "query", "balance": 630}]},
    {"id": 24, "recv": [{"interface": "deposit", "result": "success"}, {"interface": "query", "balance": 640}]},
    {"id": 25, "recv": [{"interface": "deposit", "result": "success"}, {"interface": "query", "balance": 650}]},
    {"id": 26, "recv": [{"interface": "deposit", "result": "success"}, {"interface": "query", "balance": 660}]},
    {"id": 27, "recv": [{"interface": "deposit", "result": "success"}, {"interface": "query", "balance": 670}]},
    {"id": 28, "recv": [{"interface": "deposit", "result": "success"}, {"interface": "query", "balance": 680}]},
    {"id": 29, "recv": [{"interface": "deposit", "result": "success"}, {"interface": "query", "balance": 690}]},
    {"id": 30, "recv": [{"interface": "deposit", "result": "success"}, {"interface": "query", "balance": 700}]},
    {"id": 31, "recv": [{"interface": "deposit", "result": "success"}, {"interface": "query", "balance": 710}]},
    {"id": 32, "recv": [{"interface": "deposit", "result": "success"}, {"interface": "query", "balance": 720}]},
    {"id": 33, "recv": [{"interface": "deposit", "result": "success"}, {"interface": "query", "balance": 730}]},
    {"id": 34, "recv": [{"interface": "deposit", "result": "success"}, {"interface": "query", "balance": 740}]},
    {"id": 35, "recv": [{"interface": "deposit", "result": "success"}, {"interface": "query", "balance": 750}]},
    {"id": 36, "recv": [{"interface": "deposit", "result": "success"}, {"interface": "query", "balance": 760}]},
    {"id": 37, "recv": [{"interface": "deposit", "result": "success"}, {"interface": "query", "balance": 770}]},
    {"id": 38, "recv": [{"interface": "deposit", "result": "success"}, {"interface": "query", "balance": 780}]},
    {"id": 39, "recv": [{"interface": "deposit", "result": "success"}, {"interface": "query", "balance": 790}]},
    {"id": 40, "recv": [{"interface": "deposit", "result": "success"}, {"interface": "query", "balance": 800}]},
    {"id": 41, "recv": [{"interface": "deposit", "result": "success"}, {"interface": "query", "balance": 810}]},
    {"id": 42, "recv": [{"interface": "deposit", "result": "success"}, {"interface": "query", "balance": 820}]},
    {"id": 43, "recv": [{"interface": "deposit", "result": "success"}, {"interface": "query", "balance": 830}]},
    {"id": 44, "recv": [{"interface": "deposit", "result": "success"}, {"interface": "query", "balance": 840}]},
    {"id": 45, "recv": [{"interface": "deposit", "result": "success"}, {"interface": "query", "balance": 850}]},
    {"id": 46, "recv": [{"interface": "deposit", "result": "success"}, {"interface": "query", "balance": 860}]},
    {"id": 47, "recv": [{"interface": "deposit", "result": "success"}, {"interface": "query", "balance": 870}]},
    {"id": 48, "recv": [{"interface": "deposit", "result": "success"}, {"interface": "query", "balance": 880}]},
    {"id": 49, "recv": [{"interface": "deposit", "result": "success"}, {"interface": "query", "balance": 890}]},
    {"id": 50, "recv": [{"interface": "deposit", "result": "success"}, {"interface": "query", "balance": 900}]},
{"id": 51, "recv": [{"interface": "withdraw", "result": "success"}, {"interface": "query", "balance": 890}]},
    {"id": 52, "recv": [{"interface": "withdraw", "result": "success"}, {"interface": "query", "balance": 880}]},
    {"id": 53, "recv": [{"interface": "withdraw", "result": "success"}, {"interface": "query", "balance": 870}]},
    {"id": 54, "recv": [{"interface": "withdraw", "result": "success"}, {"interface": "query", "balance": 860}]},
    {"id": 55, "recv": [{"interface": "withdraw", "result": "success"}, {"interface": "query", "balance": 850}]},
    {"id": 56, "recv": [{"interface": "withdraw", "result": "success"}, {"interface": "query", "balance": 840}]},
    {"id": 57, "recv": [{"interface": "withdraw", "result": "success"}, {"interface": "query", "balance": 830}]},
    {"id": 58, "recv": [{"interface": "withdraw", "result": "success"}, {"interface": "query", "balance": 820}]},
    {"id": 59, "recv": [{"interface": "withdraw", "result": "success"}, {"interface": "query", "balance": 810}]},
    {"id": 60, "recv": [{"interface": "withdraw", "result": "success"}, {"interface": "query", "balance": 800}]},
    {"id": 61, "recv": [{"interface": "withdraw", "result": "success"}, {"interface": "query", "balance": 790}]},
    {"id": 62, "recv": [{"interface": "withdraw", "result": "success"}, {"interface": "query", "balance": 780}]},
    {"id": 63, "recv": [{"interface": "withdraw", "result": "success"}, {"interface": "query", "balance": 770}]},
    {"id": 64, "recv": [{"interface": "withdraw", "result": "success"}, {"interface": "query", "balance": 760}]},
    {"id": 65, "recv": [{"interface": "withdraw", "result": "success"}, {"interface": "query", "balance": 750}]},
    {"id": 66, "recv": [{"interface": "withdraw", "result": "success"}, {"interface": "query", "balance": 740}]},
    {"id": 67, "recv": [{"interface": "withdraw", "result": "success"}, {"interface": "query", "balance": 730}]},
    {"id": 68, "recv": [{"interface": "withdraw", "result": "success"}, {"interface": "query", "balance": 720}]},
    {"id": 69, "recv": [{"interface": "withdraw", "result": "success"}, {"interface": "query", "balance": 710}]},
    {"id": 70, "recv": [{"interface": "withdraw", "result": "success"}, {"interface": "query", "balance": 700}]},
    {"id": 71, "recv": [{"interface": "withdraw", "result": "success"}, {"interface": "query", "balance": 690}]},
    {"id": 72, "recv": [{"interface": "withdraw", "result": "success"}, {"interface": "query", "balance": 680}]},
    {"id": 73, "recv": [{"interface": "withdraw", "result": "success"}, {"interface": "query", "balance": 670}]},
    {"id": 74, "recv": [{"interface": "withdraw", "result": "success"}, {"interface": "query", "balance": 660}]},
    {"id": 75, "recv": [{"interface": "withdraw", "result": "success"}, {"interface": "query", "balance": 650}]},
    {"id": 76, "recv": [{"interface": "withdraw", "result": "success"}, {"interface": "query", "balance": 640}]},
    {"id": 77, "recv": [{"interface": "withdraw", "result": "success"}, {"interface": "query", "balance": 630}]},
    {"id": 78, "recv": [{"interface": "withdraw", "result": "success"}, {"interface": "query", "balance": 620}]},
    {"id": 79, "recv": [{"interface": "withdraw", "result": "success"}, {"interface": "query", "balance": 610}]},
    {"id": 80, "recv": [{"interface": "withdraw", "result": "success"}, {"interface": "query", "balance": 600}]},
    {"id": 81, "recv": [{"interface": "withdraw", "result": "success"}, {"interface": "query", "balance": 590}]},
    {"id": 82, "recv": [{"interface": "withdraw", "result": "success"}, {"interface": "query", "balance": 580}]},
    {"id": 83, "recv": [{"interface": "withdraw", "result": "success"}, {"interface": "query", "balance": 570}]},
    {"id": 84, "recv": [{"interface": "withdraw", "result": "success"}, {"interface": "query", "balance": 560}]},
    {"id": 85, "recv": [{"interface": "withdraw", "result": "success"}, {"interface": "query", "balance": 550}]},
    {"id": 86, "recv": [{"interface": "withdraw", "result": "success"}, {"interface": "query", "balance": 540}]},
    {"id": 87, "recv": [{"interface": "withdraw", "result": "success"}, {"interface": "query", "balance": 530}]},
    {"id": 88, "recv": [{"interface": "withdraw", "result": "success"}, {"interface": "query", "balance": 520}]},
    {"id": 89, "recv": [{"interface": "withdraw", "result": "success"}, {"interface": "query", "balance": 510}]},
    {"id": 90, "recv": [{"interface": "withdraw", "result": "success"}, {"interface": "query", "balance": 500}]},
    {"id": 91, "recv": [{"interface": "withdraw", "result": "success"}, {"interface": "query", "balance": 490}]},
    {"id": 92, "recv": [{"interface": "withdraw", "result": "success"}, {"interface": "query", "balance": 480}]},
    {"id": 93, "recv": [{"interface": "withdraw", "result": "success"}, {"interface": "query", "balance": 470}]},
    {"id": 94, "recv": [{"interface": "withdraw", "result": "success"}, {"interface": "query", "balance": 460}]},
    {"id": 95, "recv": [{"interface": "withdraw", "result": "success"}, {"interface": "query", "balance": 450}]},
    {"id": 96, "recv": [{"interface": "withdraw", "result": "success"}, {"interface": "query", "balance": 440}]},
    {"id": 97, "recv": [{"interface": "withdraw", "result": "success"}, {"interface": "query", "balance": 430}]},
    {"id": 98, "recv": [{"interface": "withdraw", "result": "success"}, {"interface": "query", "balance": 420}]},
    {"id": 99, "recv": [{"interface": "withdraw", "result": "success"}, {"interface": "query", "balance": 410}]},
    {"id": 100, "recv": [{"interface": "withdraw", "result": "success"}, {"interface": "query", "balance": 400}]}
]